industry_bucket,ai_intensity
information,0.19532162262670064
financial_activities,0.1949278462573418
professional_business_services,0.1811718476462764
education_health,0.18753410822571615
leisure_hospitality,0.18589850479139253
trade_transportation_utilities,0.18755945361799964
manufacturing,0.1836635812227041
construction,0.1820469629844922
mining_logging,0.18932441964122015
other_services,0.1872522544393686
total_private,0.17866588632477437
